Model,Training Steps,Tokenizer Size,Sequence Length,Parameters (Millions),Perplexity,TopsisScore,Rank
GPT-2,117,1.5,1024,117,20.1,0.8268665565021305,3
GPT-3 (small),125,1.5,2048,125,15.4,0.6670263058633193,5
DistilGPT,82,6.7,512,82,25.7,0.8326452805989618,2
BERT-based OpenAI GPT,117,1.5,1024,117,22.3,0.8176432733658455,4
T5 (small),60,0.815,512,60,18.9,0.9564835566922281,1
Transformer-XL,257,17.0,1024,257,23.5,0.48947410849013623,6
CTRL,407,33.0,512,407,21.2,0.30235620878328345,7
